ctmax,hi,STH.1,STH.2,STH.3,STH.4,STH.7,STH.8,STL.1,STL.2,STL.4,STL.5,STL.6,STL.7,STM.2,STM.4,STM.5,STM.6,STM.7,ScyDAA6.2113.HRSCAF.2539.8811359
NA,NA,NA,NA,NA,NA,NA,NA,NA,NA,NA,NA,NA,NA,NA,NA,NA,NA,NA,ScyDAA6-2113-HRSCAF-2539
NA,NA,NA,NA,NA,NA,NA,NA,NA,NA,NA,NA,NA,NA,NA,NA,NA,NA,NA,8.811359
34.691,0.608185389,0,0,0,0,0,0,0,0,0,0,0,0,0,0,0,0,0,AB
34.903,0.460438586,0,0,0,0,0,0,0,0,0,0,0,0,0,0,0,0,0,BB
35.115,0.497550776,0,0,0,0,0,0,0,0,0,0,0,0,0,0,0,0,0,AB
35.222,0.511109915,0,0,0,0,0,0,0,0,0,0,0,0,0,0,0,0,0,AB
35.435,0.44589135,0,0,0,0,0,0,0,0,0,0,0,0,0,0,0,0,0,BB
35.542,0.52614892,0,0,0,0,0,0,0,0,0,0,0,0,0,0,0,0,0,AB
35.864,0.453756472,0,0,0,0,0,0,0,0,0,0,0,0,0,0,0,0,0,AA
35.864,0.57977341,0,0,0,0,0,0,0,0,0,0,0,0,0,0,0,0,0,AA
32.118,0.559758035,0,0,0,0,0,0,0,0,0,0,0,0,1,0,0,0,0,AB
33.118,0.458398061,0,0,0,0,0,0,0,0,0,0,0,0,1,0,0,0,0,AB
33.953,0.469249305,0,0,0,0,0,0,0,0,0,0,0,0,1,0,0,0,0,AB
34.585,0.463751561,0,0,0,0,0,0,0,0,0,0,0,0,1,0,0,0,0,AA
34.903,0.517727304,0,0,0,0,0,0,0,0,0,0,0,0,1,0,0,0,0,AB
35.009,0.495327587,0,0,0,0,0,0,0,0,0,0,0,0,1,0,0,0,0,AA
35.009,0.515468163,0,0,0,0,0,0,0,0,0,0,0,0,1,0,0,0,0,BB
36.079,0.537577851,0,0,0,0,0,0,0,0,0,0,0,0,1,0,0,0,0,BB
34.691,0.546833135,0,0,0,0,0,0,0,0,0,0,0,0,0,0,0,0,0,AB
35.222,0.505084044,0,0,0,0,0,0,0,0,0,0,0,0,0,0,0,0,0,BB
35.328,0.482691313,0,0,0,0,0,0,0,0,0,0,0,0,0,0,0,0,0,AA
35.542,0.454943316,0,0,0,0,0,0,0,0,0,0,0,0,0,0,0,0,0,BB
35.649,0.429430687,0,0,0,0,0,0,0,0,0,0,0,0,0,0,0,0,0,AA
35.756,0.468770607,0,0,0,0,0,0,0,0,0,0,0,0,0,0,0,0,0,AB
36.295,0.570606651,0,0,0,0,0,0,0,0,0,0,0,0,0,0,0,0,0,BB
36.403,0.504557767,0,0,0,0,0,0,0,0,0,0,0,0,0,0,0,0,0,BB
36.62,0.52255569,0,0,0,0,0,0,0,0,0,0,0,0,0,0,0,0,0,AB
33.953,0.682330697,0,0,0,0,0,0,0,0,0,0,0,0,0,1,0,0,0,AB
34.163,0.510120933,0,0,0,0,0,0,0,0,0,0,0,0,0,1,0,0,0,AA
34.585,0.489319043,0,0,0,0,0,0,0,0,0,0,0,0,0,1,0,0,0,AA
34.691,0.507957153,0,0,0,0,0,0,0,0,0,0,0,0,0,1,0,0,0,AA
34.796,0.51758158,0,0,0,0,0,0,0,0,0,0,0,0,0,1,0,0,0,AB
35.435,0.390798327,0,0,0,0,0,0,0,0,0,0,0,0,0,1,0,0,0,BB
36.079,0.576275497,0,0,0,0,0,0,0,0,0,0,0,0,0,1,0,0,0,AA
34.691,0.481290008,0,0,0,0,0,0,0,0,0,0,0,0,0,1,0,0,0,AB
34.903,0.458973155,0,0,0,0,0,0,0,0,0,0,0,0,0,1,0,0,0,AB
35.435,0.585568735,0,0,0,0,0,0,0,0,0,0,0,0,0,1,0,0,0,AB
33.639,0.448724838,0,0,0,0,0,0,0,0,0,0,0,0,0,0,1,0,0,AB
34.585,0.50439311,0,0,0,0,0,0,0,0,0,0,0,0,0,0,1,0,0,AB
35.009,0.52701576,0,0,0,0,0,0,0,0,0,0,0,0,0,0,1,0,0,AB
35.115,0.5363516,0,0,0,0,0,0,0,0,0,0,0,0,0,0,1,0,0,BB
35.222,0.492548228,0,0,0,0,0,0,0,0,0,0,0,0,0,0,1,0,0,-
32.188,0.45488816,0,0,0,0,0,0,0,0,0,0,0,0,0,0,0,1,0,AB
34.903,0.577947126,0,0,0,0,0,0,0,0,0,0,0,0,0,0,0,1,0,BB
35.009,0.423200763,0,0,0,0,0,0,0,0,0,0,0,0,0,0,0,1,0,-
35.435,0.565365667,0,0,0,0,0,0,0,0,0,0,0,0,0,0,0,1,0,BB
35.435,0.40792165,0,0,0,0,0,0,0,0,0,0,0,0,0,0,0,1,0,AA
35.756,0.598516607,0,0,0,0,0,0,0,0,0,0,0,0,0,0,0,1,0,-
34.268,0.461676648,0,0,0,0,0,0,0,0,0,0,0,0,0,0,0,0,1,AB
34.796,0.539101806,0,0,0,0,0,0,0,0,0,0,0,0,0,0,0,0,1,AB
34.903,0.444561243,0,0,0,0,0,0,0,0,0,0,0,0,0,0,0,0,1,BB
35.009,0.530655648,0,0,0,0,0,0,0,0,0,0,0,0,0,0,0,0,1,AA
35.009,0.559330841,0,0,0,0,0,0,0,0,0,0,0,0,0,0,0,0,1,AB
35.222,0.451963119,0,0,0,0,0,0,0,0,0,0,0,0,0,0,0,0,1,AB
35.222,0.539713066,0,0,0,0,0,0,0,0,0,0,0,0,0,0,0,0,1,AB
35.328,0.528165718,0,0,0,0,0,0,0,0,0,0,0,0,0,0,0,0,1,AB
35.435,0.507423501,0,0,0,0,0,0,0,0,0,0,0,0,0,0,0,0,1,BB
33.953,0.490649337,0,0,0,0,0,0,0,0,0,0,0,0,0,0,0,0,0,AB
35.864,0.524627993,0,0,0,0,0,0,0,0,0,0,0,0,0,0,0,0,0,AB
36.079,0.462316385,0,0,0,0,0,0,0,0,0,0,0,0,0,0,0,0,0,BB
36.295,0.444635961,1,0,0,0,0,0,0,0,0,0,0,0,0,0,0,0,0,BB
36.511,0.500789724,1,0,0,0,0,0,0,0,0,0,0,0,0,0,0,0,0,AB
36.511,0.537250255,1,0,0,0,0,0,0,0,0,0,0,0,0,0,0,0,0,AA
36.62,0.528721388,1,0,0,0,0,0,0,0,0,0,0,0,0,0,0,0,0,BB
36.728,0.587068316,1,0,0,0,0,0,0,0,0,0,0,0,0,0,0,0,0,AB
37.055,0.521738748,1,0,0,0,0,0,0,0,0,0,0,0,0,0,0,0,0,AB
37.165,0.427483714,1,0,0,0,0,0,0,0,0,0,0,0,0,0,0,0,0,BB
37.055,0.474434946,0,1,0,0,0,0,0,0,0,0,0,0,0,0,0,0,0,AA
37.384,0.548417562,0,1,0,0,0,0,0,0,0,0,0,0,0,0,0,0,0,BB
37.384,0.530398627,0,1,0,0,0,0,0,0,0,0,0,0,0,0,0,0,0,AB
37.384,0.637928516,0,1,0,0,0,0,0,0,0,0,0,0,0,0,0,0,0,AB
37.494,0.468846642,0,1,0,0,0,0,0,0,0,0,0,0,0,0,0,0,0,AB
37.494,0.505368646,0,1,0,0,0,0,0,0,0,0,0,0,0,0,0,0,0,AB
37.824,0.626784171,0,1,0,0,0,0,0,0,0,0,0,0,0,0,0,0,0,AA
35.756,0.499461822,0,0,1,0,0,0,0,0,0,0,0,0,0,0,0,0,0,AA
35.971,0.540503234,0,0,1,0,0,0,0,0,0,0,0,0,0,0,0,0,0,AB
36.079,0.519425121,0,0,1,0,0,0,0,0,0,0,0,0,0,0,0,0,0,BB
36.62,0.458786442,0,0,1,0,0,0,0,0,0,0,0,0,0,0,0,0,0,AA
36.728,0.491947912,0,0,1,0,0,0,0,0,0,0,0,0,0,0,0,0,0,AA
36.079,0.59466098,0,0,0,1,0,0,0,0,0,0,0,0,0,0,0,0,0,AB
36.62,0.533105578,0,0,0,1,0,0,0,0,0,0,0,0,0,0,0,0,0,AB
36.837,0.524037481,0,0,0,1,0,0,0,0,0,0,0,0,0,0,0,0,0,AB
37.055,0.53494049,0,0,0,1,0,0,0,0,0,0,0,0,0,0,0,0,0,AB
37.274,0.467791807,0,0,0,1,0,0,0,0,0,0,0,0,0,0,0,0,0,AB
36.728,0.560836283,0,0,0,0,1,0,0,0,0,0,0,0,0,0,0,0,0,AA
36.187,0.568723398,0,0,0,0,0,1,0,0,0,0,0,0,0,0,0,0,0,AB
36.295,0.526838639,0,0,0,0,0,1,0,0,0,0,0,0,0,0,0,0,0,AB
36.295,0.558168115,0,0,0,0,0,1,0,0,0,0,0,0,0,0,0,0,0,BB
36.511,0.496291711,0,0,0,0,0,1,0,0,0,0,0,0,0,0,0,0,0,AB
36.946,0.53745629,0,0,0,0,0,1,0,0,0,0,0,0,0,0,0,0,0,AB
37.055,0.509556044,0,0,0,0,0,1,0,0,0,0,0,0,0,0,0,0,0,AA
37.274,0.461158962,0,0,0,0,0,1,0,0,0,0,0,0,0,0,0,0,0,AB
35.542,0.464446161,0,0,0,0,0,1,0,0,0,0,0,0,0,0,0,0,0,AB
36.079,0.457664518,0,0,0,0,0,1,0,0,0,0,0,0,0,0,0,0,0,BB
36.511,0.553036429,0,0,0,0,0,1,0,0,0,0,0,0,0,0,0,0,0,AA
36.837,0.578317275,0,0,0,0,0,1,0,0,0,0,0,0,0,0,0,0,0,AA
36.946,0.637873323,0,0,0,0,0,1,0,0,0,0,0,0,0,0,0,0,0,AA
35.009,0.455794234,0,0,0,0,0,1,0,0,0,0,0,0,0,0,0,0,0,AB
35.328,0.504499791,0,0,0,0,0,1,0,0,0,0,0,0,0,0,0,0,0,AB
35.542,0.580314108,0,0,0,0,0,1,0,0,0,0,0,0,0,0,0,0,0,AB
35.756,0.468915727,0,0,0,0,0,1,0,0,0,0,0,0,0,0,0,0,0,AB
35.864,0.456372454,0,0,0,0,0,1,0,0,0,0,0,0,0,0,0,0,0,AA
36.403,0.485066133,0,0,0,0,0,0,1,0,0,0,0,0,0,0,0,0,0,AB
36.62,0.481754566,0,0,0,0,0,0,1,0,0,0,0,0,0,0,0,0,0,BB
36.946,0.539193646,0,0,0,0,0,0,1,0,0,0,0,0,0,0,0,0,0,AA
37.055,0.445070113,0,0,0,0,0,0,1,0,0,0,0,0,0,0,0,0,0,AB
37.494,0.546171435,0,0,0,0,0,0,1,0,0,0,0,0,0,0,0,0,0,BB
37.604,0.555299864,0,0,0,0,0,0,1,0,0,0,0,0,0,0,0,0,0,AB
35.756,0.562763143,0,0,0,0,0,0,0,1,0,0,0,0,0,0,0,0,0,AB
36.403,0.552466664,0,0,0,0,0,0,0,1,0,0,0,0,0,0,0,0,0,BB
36.511,0.50315257,0,0,0,0,0,0,0,1,0,0,0,0,0,0,0,0,0,BB
36.511,0.505070789,0,0,0,0,0,0,0,1,0,0,0,0,0,0,0,0,0,BB
36.62,0.585586763,0,0,0,0,0,0,0,1,0,0,0,0,0,0,0,0,0,AA
37.165,0.541051403,0,0,0,0,0,0,0,1,0,0,0,0,0,0,0,0,0,AA
34.796,0.47419971,0,0,0,0,0,0,0,0,0,0,0,0,0,0,0,0,0,AB
35.115,0.452260591,0,0,0,0,0,0,0,0,0,0,0,0,0,0,0,0,0,AB
35.328,0.473644274,0,0,0,0,0,0,0,0,0,0,0,0,0,0,0,0,0,AA
35.756,0.40876183,0,0,0,0,0,0,0,0,0,0,0,0,0,0,0,0,0,AB
36.079,0.480053557,0,0,0,0,0,0,0,0,0,0,0,0,0,0,0,0,0,AA
36.403,0.470709573,0,0,0,0,0,0,0,0,0,0,0,0,0,0,0,0,0,BB
35.222,0.551701487,0,0,0,0,0,0,0,0,1,0,0,0,0,0,0,0,0,AA
35.864,0.541100909,0,0,0,0,0,0,0,0,1,0,0,0,0,0,0,0,0,AB
36.079,0.578158997,0,0,0,0,0,0,0,0,1,0,0,0,0,0,0,0,0,AB
36.295,0.555310395,0,0,0,0,0,0,0,0,1,0,0,0,0,0,0,0,0,BB
36.62,0.50234934,0,0,0,0,0,0,0,0,1,0,0,0,0,0,0,0,0,AB
36.62,0.614847292,0,0,0,0,0,0,0,0,1,0,0,0,0,0,0,0,0,AA
33.848,0.5009348,0,0,0,0,0,0,0,0,0,1,0,0,0,0,0,0,0,AB
35.009,0.527681981,0,0,0,0,0,0,0,0,0,1,0,0,0,0,0,0,0,AA
35.009,0.495171809,0,0,0,0,0,0,0,0,0,1,0,0,0,0,0,0,0,AB
35.649,0.429302254,0,0,0,0,0,0,0,0,0,1,0,0,0,0,0,0,0,BB
35.649,0.547253242,0,0,0,0,0,0,0,0,0,1,0,0,0,0,0,0,0,AB
34.903,0.480577859,0,0,0,0,0,0,0,0,0,0,1,0,0,0,0,0,0,-
35.971,0.471268279,0,0,0,0,0,0,0,0,0,0,1,0,0,0,0,0,0,AB
36.079,0.47463851,0,0,0,0,0,0,0,0,0,0,1,0,0,0,0,0,0,AA
36.187,0.504493545,0,0,0,0,0,0,0,0,0,0,1,0,0,0,0,0,0,AB
36.295,0.37362448,0,0,0,0,0,0,0,0,0,0,1,0,0,0,0,0,0,BB
36.728,0.584244549,0,0,0,0,0,0,0,0,0,0,1,0,0,0,0,0,0,AB
36.837,0.540289567,0,0,0,0,0,0,0,0,0,0,0,1,0,0,0,0,0,AB
36.946,0.529271968,0,0,0,0,0,0,0,0,0,0,0,1,0,0,0,0,0,AB
36.946,0.53179264,0,0,0,0,0,0,0,0,0,0,0,1,0,0,0,0,0,AB
36.946,0.50780743,0,0,0,0,0,0,0,0,0,0,0,1,0,0,0,0,0,AB
37.274,0.428157219,0,0,0,0,0,0,0,0,0,0,0,1,0,0,0,0,0,BB
35.435,0.550391666,0,0,0,0,0,0,0,0,0,0,0,0,0,0,0,0,0,AB
35.649,0.541193349,0,0,0,0,0,0,0,0,0,0,0,0,0,0,0,0,0,AB
35.756,0.60672935,0,0,0,0,0,0,0,0,0,0,0,0,0,0,0,0,0,BB
35.971,0.604840902,0,0,0,0,0,0,0,0,0,0,0,0,0,0,0,0,0,BB