"","kTotal","kWithin","kOut","kDiff"
"ENSXMAG00000000015",361.932594950046,239.789195582117,122.14339936793,117.645796214187
"ENSXMAG00000000016",370.861312512959,121.595869426497,249.265443086462,-127.669573659964
"ENSXMAG00000000020",404.240125645831,182.432912588588,221.807213057243,-39.3743004686543
"ENSXMAG00000000027",359.623961048653,86.1759849221507,273.447976126502,-187.271991204352
"ENSXMAG00000000056",407.423996051014,97.248505105558,310.175490945456,-212.926985839898
"ENSXMAG00000000190",461.746339000586,81.2194485748843,380.526890425701,-299.307441850817
"ENSXMAG00000000214",426.148580669739,263.977377089642,162.171203580096,101.806173509546
"ENSXMAG00000000249",421.672223057487,116.988756916131,304.683466141357,-187.694709225226
"ENSXMAG00000000314",454.253701476605,322.248470126809,132.005231349795,190.243238777014
"ENSXMAG00000000324",384.212354685203,137.413997712399,246.798356972804,-109.384359260405
"ENSXMAG00000000365",409.083145877003,173.430350420765,235.652795456237,-62.2224450354718
"ENSXMAG00000000393",405.196729370173,140.507898421963,264.68883094821,-124.180932526248
"ENSXMAG00000000472",497.599725945417,176.550911289103,321.048814656314,-144.497903367211
"ENSXMAG00000000513",411.412332009729,153.307793476263,258.104538533466,-104.796745057204
"ENSXMAG00000000555",404.240125645831,182.432912588588,221.807213057243,-39.3743004686543
"ENSXMAG00000000556",424.307257385448,107.723944398472,316.583312986976,-208.859368588504
"ENSXMAG00000000577",387.581807733077,111.912459343389,275.669348389688,-163.756889046298
"ENSXMAG00000000591",459.392047656107,103.731989415268,355.660058240839,-251.92806882557
"ENSXMAG00000000594",404.240125645831,182.432912588588,221.807213057243,-39.3743004686543
"ENSXMAG00000000666",389.480660502852,100.742211559777,288.738448943075,-187.996237383298
"ENSXMAG00000000736",412.579612541742,99.5898495071218,312.98976303462,-213.399913527498
"ENSXMAG00000000753",404.240125645831,182.432912588588,221.807213057243,-39.3743004686543
"ENSXMAG00000000791",406.765457710197,88.97097277202,317.794484938177,-228.823512166157
"ENSXMAG00000000856",356.569527108311,203.570458203154,152.999068905157,50.5713892979978
"ENSXMAG00000000935",404.240125645831,182.432912588588,221.807213057243,-39.3743004686543
"ENSXMAG00000000947",369.46850362713,158.637772392058,210.830731235072,-52.1929588430137
"ENSXMAG00000000961",426.348182897017,138.693704398932,287.654478498086,-148.960774099154
"ENSXMAG00000000988",382.944339386574,112.808358497102,270.135980889471,-157.327622392369
"ENSXMAG00000001022",386.72020858457,178.0842126638,208.63599592077,-30.5517832569705
"ENSXMAG00000001057",404.240125645831,182.432912588588,221.807213057243,-39.3743004686543
"ENSXMAG00000001083",370.301395907312,43.1796290042653,327.121766903047,-283.942137898781
"ENSXMAG00000001084",389.166668763955,145.68081375637,243.485855007586,-97.8050412512159
"ENSXMAG00000001114",458.022527620941,140.789384111895,317.233143509045,-176.44375939715
"ENSXMAG00000001135",396.685232505544,108.83519258724,287.850039918304,-179.014847331065
"ENSXMAG00000001171",366.918337890957,246.279191780327,120.639146110631,125.640045669696
"ENSXMAG00000001180",398.865682792079,146.879098435607,251.986584356472,-105.107485920865
"ENSXMAG00000001183",452.155337606551,122.263211927747,329.892125678804,-207.628913751058
"ENSXMAG00000001188",404.240125645831,182.432912588588,221.807213057243,-39.3743004686543
"ENSXMAG00000001217",404.240125645831,182.432912588588,221.807213057243,-39.3743004686543
"ENSXMAG00000001227",404.240125645831,182.432912588588,221.807213057243,-39.3743004686543
"ENSXMAG00000001234",404.240125645831,182.432912588588,221.807213057243,-39.3743004686543
"ENSXMAG00000001302",390.04055282968,152.180015597287,237.860537232393,-85.6805216351067
"ENSXMAG00000001366",372.876469768346,87.4761178462593,285.400351922087,-197.924234075828
"ENSXMAG00000001456",404.240125645831,182.432912588588,221.807213057243,-39.3743004686543
"ENSXMAG00000001497",357.679947089308,46.3286467687539,311.351300320554,-265.0226535518
"ENSXMAG00000001502",472.132055446819,102.473367296811,369.658688150007,-267.185320853196
"ENSXMAG00000001579",476.219882381413,125.561667390311,350.658214991102,-225.096547600791
"ENSXMAG00000001618",386.801908175337,133.811584416974,252.990323758363,-119.178739341389
"ENSXMAG00000001731",404.240125645831,182.432912588588,221.807213057243,-39.3743004686543
"ENSXMAG00000001774",357.892857364893,143.883949085756,214.008908279138,-70.1249591933822
"ENSXMAG00000001783",407.373183538873,25.2956912690014,382.077492269871,-356.78180100087
"ENSXMAG00000001856",357.940257352439,123.559257374938,234.380999977501,-110.821742602563
"ENSXMAG00000001864",399.950507915786,186.38574617722,213.564761738566,-27.1790155613464
"ENSXMAG00000001930",416.650548649372,149.580831314396,267.069717334976,-117.48888602058
"ENSXMAG00000002014",383.288581491709,186.111587178084,197.176994313625,-11.0654071355415
"ENSXMAG00000002063",404.240125645831,182.432912588588,221.807213057243,-39.3743004686543
"ENSXMAG00000002168",423.065083772117,94.6632210921078,328.401862680009,-233.738641587901
"ENSXMAG00000002275",398.59859798676,39.890808324003,358.707789662757,-318.816981338754
"ENSXMAG00000002285",404.240125645831,182.432912588588,221.807213057243,-39.3743004686543
"ENSXMAG00000002365",400.172660705496,73.3057999507112,326.866860754785,-253.561060804073
"ENSXMAG00000002386",428.907409537256,89.4388416086841,339.468567928572,-250.029726319888
"ENSXMAG00000002421",383.685402879179,294.451459343684,89.2339435354945,205.21751580819
"ENSXMAG00000002454",433.170241032961,47.8583604491375,385.311880583824,-337.453520134686
"ENSXMAG00000002471",401.416087643466,91.3481616242904,310.067926019176,-218.719764394885
"ENSXMAG00000002481",362.575238169148,140.796299208377,221.778938960771,-80.9826397523937
"ENSXMAG00000002493",401.931714006694,178.425017362986,223.506696643709,-45.0816792807229
"ENSXMAG00000002577",394.399277741285,275.93880450198,118.460473239305,157.478331262675
"ENSXMAG00000002591",392.658819006786,156.705980332221,235.952838674564,-79.2468583423432
"ENSXMAG00000002631",404.240125645831,182.432912588588,221.807213057243,-39.3743004686543
"ENSXMAG00000002656",356.133078264927,268.170632994947,87.9624452699807,180.208187724966
"ENSXMAG00000002662",377.829100474932,98.2846923547141,279.544408120218,-181.259715765504
"ENSXMAG00000002701",377.753887976282,251.800295677783,125.953592298499,125.846703379285
"ENSXMAG00000002809",389.460401502004,233.304220434059,156.156181067945,77.1480393661137
"ENSXMAG00000002844",378.73307375567,222.726151669921,156.006922085749,66.7192295841726
"ENSXMAG00000002912",358.218976624493,207.240882862583,150.978093761909,56.262789100674
"ENSXMAG00000002924",402.17889308053,282.515301001197,119.663592079333,162.851708921864
"ENSXMAG00000002927",395.276718287652,263.120042098101,132.156676189551,130.96336590855
"ENSXMAG00000002945",370.289063034005,38.2626137299523,332.026449304052,-293.7638355741
"ENSXMAG00000003013",360.214220428979,276.839850447208,83.3743699817705,193.465480465438
"ENSXMAG00000003082",361.951837289754,269.64959576442,92.3022415253337,177.347354239086
"ENSXMAG00000003083",367.712774540565,162.547789292858,205.164985247707,-42.6171959548484
"ENSXMAG00000003105",384.620551398865,155.778808592665,228.8417428062,-73.0629342135344
"ENSXMAG00000003112",383.251817786209,60.2086010789734,323.043216707235,-262.834615628262
"ENSXMAG00000003116",395.120564360307,162.266998915084,232.853565445223,-70.5865665301389
"ENSXMAG00000003120",405.923119687513,278.003428804046,127.919690883467,150.083737920579
"ENSXMAG00000003133",357.208121475481,43.7527502835624,313.455371191919,-269.702620908356
"ENSXMAG00000003156",354.911954462963,151.287118580463,203.6248358825,-52.3377173020371
"ENSXMAG00000003164",361.030938500235,279.594910682002,81.4360278182324,198.15888286377
"ENSXMAG00000003170",418.380191526029,141.884191980878,276.495999545152,-134.611807564274
"ENSXMAG00000003187",410.658793356316,74.3518950366839,336.306898319632,-261.955003282948
"ENSXMAG00000003196",365.997602535007,116.351128791776,249.646473743231,-133.295344951455
"ENSXMAG00000003215",367.063662409464,165.916088699226,201.147573710238,-35.2314850110119
"ENSXMAG00000003237",372.683418712381,98.4621270959416,274.221291616439,-175.759164520498
"ENSXMAG00000003303",382.31615039466,44.3438414725418,337.972308922118,-293.628467449576
"ENSXMAG00000003348",382.701259318829,252.918070359265,129.783188959563,123.134881399702
"ENSXMAG00000003362",426.449571956751,120.136024046332,306.313547910419,-186.177523864087
"ENSXMAG00000003365",372.774791748442,123.586890107157,249.187901641285,-125.601011534127
"ENSXMAG00000003369",388.763488399224,106.089517723086,282.673970676139,-176.584452953053
"ENSXMAG00000003393",406.13705952841,93.3324190134884,312.804640514922,-219.472221501433
"ENSXMAG00000003452",390.399580863028,133.24049846369,257.159082399338,-123.918583935647
"ENSXMAG00000003471",361.265656569072,256.528525438107,104.737131130966,151.791394307141
"ENSXMAG00000003476",406.033901368681,38.2376008671148,367.796300501566,-329.558699634452
"ENSXMAG00000003529",369.234612517106,154.277885100259,214.956727416847,-60.6788423165877
"ENSXMAG00000003549",380.600611754121,54.3098693285694,326.290742425552,-271.980873096982
"ENSXMAG00000003627",447.517846256197,213.646721010057,233.87112524614,-20.2244042360826
"ENSXMAG00000003798",373.936061219411,210.803072082225,163.132989137187,47.670082945038
"ENSXMAG00000003803",401.954999484552,101.928111289631,300.026888194921,-198.09877690529
"ENSXMAG00000003843",392.842512441271,143.132540459994,249.709971981277,-106.577431521284
"ENSXMAG00000003884",372.62956967769,141.41560228153,231.21396739616,-89.7983651146293
"ENSXMAG00000003888",358.302735820393,267.240225770166,91.0625100502274,176.177715719938
"ENSXMAG00000003895",366.159755762355,276.763447590926,89.3963081714285,187.367139419498
"ENSXMAG00000003904",361.971498606869,138.359513715723,223.611984891146,-85.2524711754223
"ENSXMAG00000003984",366.549634842234,248.297334810525,118.252300031709,130.045034778816
"ENSXMAG00000004012",477.421131874401,113.354794961019,364.066336913382,-250.711541952363
"ENSXMAG00000004021",418.804261940503,257.622390992031,161.181870948471,96.44052004356
"ENSXMAG00000004034",373.240502962458,75.1066210035909,298.133881958867,-223.027260955276
"ENSXMAG00000004048",470.410946957455,120.459354286959,349.951592670495,-229.492238383536
"ENSXMAG00000004062",379.459144195452,111.038579053769,268.420565141683,-157.381986087914
"ENSXMAG00000004067",376.563443871776,45.7834907725531,330.779953099223,-284.99646232667
"ENSXMAG00000004082",425.216892715391,44.3340094717074,380.882883243684,-336.548873771976
"ENSXMAG00000004192",370.704366407228,261.41350222747,109.290864179757,152.122638047713
"ENSXMAG00000004264",458.80208666889,277.384117490575,181.417969178314,95.966148312261
"ENSXMAG00000004324",379.640471675972,102.53698347318,277.103488202793,-174.566504729613
"ENSXMAG00000004376",404.240125645831,182.432912588588,221.807213057243,-39.3743004686543
"ENSXMAG00000004451",365.944510805961,210.514339793292,155.430171012669,55.0841687806231
"ENSXMAG00000004468",369.386941771597,201.843739733207,167.54320203839,34.3005376948173
"ENSXMAG00000004501",354.543373977119,131.748932585092,222.794441392026,-91.045508806934
"ENSXMAG00000004516",392.629539834569,93.6875105624451,298.942029272124,-205.254518709679
"ENSXMAG00000004539",392.652708312707,297.23448955914,95.4182187535678,201.816270805572
"ENSXMAG00000004565",381.467982683263,144.433293476112,237.034689207151,-92.601395731039
"ENSXMAG00000004609",391.701395817733,225.637107733634,166.064288084099,59.5728196495351
"ENSXMAG00000004619",377.465651890256,157.281283678038,220.184368212217,-62.9030845341792
"ENSXMAG00000004655",367.021389638328,222.474925013037,144.546464625291,77.9284603877454
"ENSXMAG00000004659",400.177660587308,261.548219410369,138.629441176939,122.91877823343
"ENSXMAG00000004662",422.176513088405,128.789159234127,293.387353854278,-164.598194620151
"ENSXMAG00000004787",404.735649778073,135.941783565881,268.793866212192,-132.852082646312
"ENSXMAG00000004821",359.200169423855,202.648661580523,156.551507843332,46.0971537371909
"ENSXMAG00000004841",488.642473709727,160.412136673183,328.230337036544,-167.818200363361
"ENSXMAG00000004853",404.240125645831,182.432912588588,221.807213057243,-39.3743004686543
"ENSXMAG00000004913",437.24626304123,70.2248029124155,367.021460128814,-296.796657216399
"ENSXMAG00000004927",486.418042615988,83.9816911151363,402.436351500851,-318.454660385715
"ENSXMAG00000004933",356.068666093429,123.384243780341,232.684422313088,-109.300178532747
"ENSXMAG00000004971",375.214014408042,183.514393504105,191.699620903937,-8.18522739983194
"ENSXMAG00000004992",410.61004113309,151.484377685605,259.125663447486,-107.641285761881
"ENSXMAG00000005023",390.198103098769,221.161766220444,169.036336878325,52.1254293421196
"ENSXMAG00000005172",363.345195890278,123.626432777055,239.718763113223,-116.092330336169
"ENSXMAG00000005197",376.756428392882,199.208121210709,177.548307182173,21.6598140285356
"ENSXMAG00000005198",413.833286598486,173.751659869021,240.081626729466,-66.329966860445
"ENSXMAG00000005204",374.149123980921,125.414392110727,248.734731870193,-123.320339759466
"ENSXMAG00000005242",399.613289089286,239.21890209385,160.394386995436,78.8245150984146
"ENSXMAG00000005244",355.567309049693,133.949380876184,221.617928173508,-87.6685472973243
"ENSXMAG00000005296",379.171098907524,254.234617538546,124.936481368978,129.298136169568
"ENSXMAG00000005344",391.298614055743,228.839963871738,162.458650184005,66.3813136877328
"ENSXMAG00000005428",360.59415644578,141.626245309651,218.967911136129,-77.3416658264781
"ENSXMAG00000005479",376.785750925787,266.189755074199,110.595995851588,155.593759222611
"ENSXMAG00000005505",431.153569438308,110.5537095781,320.599859860208,-210.046150282108
"ENSXMAG00000005572",368.847989424745,199.249285307908,169.598704116837,29.6505811910707
"ENSXMAG00000005633",366.481359663967,191.382209511522,175.099150152446,16.2830593590758
"ENSXMAG00000005641",408.022602373467,295.648497040463,112.374105333004,183.274391707459
"ENSXMAG00000005685",366.874295660238,194.115808900945,172.758486759292,21.3573221416531
"ENSXMAG00000005689",358.33165185016,124.54347313346,233.7881787167,-109.24470558324
"ENSXMAG00000005743",488.017392283919,85.9818749731405,402.035517310778,-316.053642337638
"ENSXMAG00000005755",482.362049516794,105.378459712908,376.983589803886,-271.605130090978
"ENSXMAG00000005773",434.723066501729,101.65427976993,333.068786731799,-231.414506961869
"ENSXMAG00000005778",402.931702237799,115.989441678736,286.942260559062,-170.952818880326
"ENSXMAG00000005824",442.339422112621,114.70847760776,327.630944504861,-212.922466897101
"ENSXMAG00000005847",360.034034439383,231.37527225681,128.658762182573,102.716510074237
"ENSXMAG00000005868",364.164253131941,117.84275477639,246.321498355551,-128.478743579161
"ENSXMAG00000005887",359.580105164308,20.7476311435504,338.832474020757,-318.084842877207
"ENSXMAG00000005898",385.141921886214,144.684959215796,240.456962670419,-95.7720034546229
"ENSXMAG00000005903",355.529320711521,124.372268333327,231.157052378194,-106.784784044867
"ENSXMAG00000005962",374.007050863648,240.02956541524,133.977485448408,106.052079966832
"ENSXMAG00000005966",354.651187980376,122.249797322677,232.401390657699,-110.151593335021
"ENSXMAG00000005967",357.310057242549,78.9872155703645,278.322841672185,-199.33562610182
"ENSXMAG00000005997",397.320271880556,124.263054352203,273.057217528353,-148.79416317615
"ENSXMAG00000006018",411.625001103131,109.017024796594,302.607976306536,-193.590951509942
"ENSXMAG00000006045",514.344123749461,112.959216989672,401.384906759789,-288.425689770118
"ENSXMAG00000006057",362.429524270703,127.554184053043,234.87534021766,-107.321156164617
"ENSXMAG00000006115",448.238953244082,171.878658130744,276.360295113337,-104.481636982593
"ENSXMAG00000006139",420.994805403313,253.43140447141,167.563400931903,85.868003539507
"ENSXMAG00000006169",422.036031538566,159.138419621565,262.897611917001,-103.759192295436
"ENSXMAG00000006237",356.363263544232,255.213242786103,101.150020758129,154.063222027974
"ENSXMAG00000006241",405.499090436786,262.845519704937,142.653570731849,120.191948973089
"ENSXMAG00000006246",357.241485921559,216.240561905207,141.000924016353,75.2396378888542
"ENSXMAG00000006351",371.980955814296,83.7805522482618,288.200403566035,-204.419851317773
"ENSXMAG00000006374",376.413096756628,205.097382011958,171.31571474467,33.7816672672882
"ENSXMAG00000006384",422.230748705548,39.534653418929,382.696095286619,-343.16144186769
"ENSXMAG00000006414",436.628021792033,140.386130976151,296.241890815882,-155.855759839731
"ENSXMAG00000006420",365.596538286453,144.548770095571,221.047768190882,-76.4989980953101
"ENSXMAG00000006456",429.478615514706,44.2654817447178,385.213133769989,-340.947652025271
"ENSXMAG00000006457",384.124900037492,126.143113868936,257.981786168556,-131.83867229962
"ENSXMAG00000006469",411.338019968101,278.12409965569,133.213920312411,144.910179343279
"ENSXMAG00000006477",374.19747956673,59.290818199894,314.906661366836,-255.615843166942
"ENSXMAG00000006497",418.440067147147,238.726013028014,179.714054119133,59.0119589088811
"ENSXMAG00000006526",471.9273369422,127.377808130039,344.549528812161,-217.171720682122
"ENSXMAG00000006529",417.635011124167,161.321561744885,256.313449379282,-94.9918876343976
"ENSXMAG00000006539",429.133956683418,241.47344606195,187.660510621468,53.8129354404818
"ENSXMAG00000006597",393.19526400169,152.924462200667,240.270801801023,-87.3463396003558
"ENSXMAG00000006604",396.080559790794,145.724089413187,250.356470377606,-104.632380964419
"ENSXMAG00000006608",376.7106938523,151.490040011587,225.220653840714,-73.7306138291269
"ENSXMAG00000006630",362.592450190571,65.3413388656723,297.251111324899,-231.909772459227
"ENSXMAG00000006644",426.457949769867,94.956545965826,331.501403804041,-236.544857838215
"ENSXMAG00000006691",417.220427234829,88.4323987912817,328.788028443547,-240.355629652266
"ENSXMAG00000006696",362.094604229654,84.9212945052986,277.173309724356,-192.252015219057
"ENSXMAG00000006707",396.727241666219,99.8871437891471,296.840097877072,-196.952954087925
"ENSXMAG00000006806",388.098481425628,110.801869312272,277.296612113356,-166.494742801084
"ENSXMAG00000006850",448.529100133091,324.703721010275,123.825379122816,200.87834188746
"ENSXMAG00000006856",381.956186994004,263.666178661172,118.290008332832,145.376170328341
"ENSXMAG00000006868",358.98715749268,150.654462008255,208.332695484424,-57.6782334761691
"ENSXMAG00000006900",377.458424599843,280.829686084348,96.6287385154951,184.200947568853
"ENSXMAG00000006915",361.459182858955,22.0314038393833,339.427779019571,-317.396375180188
"ENSXMAG00000006980",368.734854512982,181.247680058777,187.487174454205,-6.23949439542747
"ENSXMAG00000007072",393.783292682809,94.7429478920548,299.040344790754,-204.2973968987
"ENSXMAG00000007154",416.192649169584,143.839120542853,272.353528626731,-128.514408083878
"ENSXMAG00000007203",382.230872534545,142.877938089473,239.352934445072,-96.4749963555992
"ENSXMAG00000007244",456.246297443202,77.9094566427275,378.336840800475,-300.427384157747
"ENSXMAG00000007288",412.700347831139,118.889021446076,293.811326385064,-174.922304938988
"ENSXMAG00000007304",424.214852725779,104.963859310279,319.2509934155,-214.287134105221
"ENSXMAG00000007340",411.680978588855,90.7048282125728,320.976150376282,-230.271322163709
"ENSXMAG00000007366",428.812117811706,126.346159491311,302.465958320395,-176.119798829084
"ENSXMAG00000007367",368.487412236807,264.584969804416,103.902442432391,160.682527372025
"ENSXMAG00000007376",453.665222996217,95.7005258791541,357.964697117063,-262.264171237909
"ENSXMAG00000007387",414.916039386011,144.429432121483,270.486607264528,-126.057175143045
"ENSXMAG00000007440",379.843201950586,155.668287508176,224.17491444241,-68.5066269342342
"ENSXMAG00000007455",384.399629191352,97.8228039179163,286.576825273436,-188.75402135552
"ENSXMAG00000007474",434.681118814661,172.788061901929,261.893056912732,-89.1049950108029
"ENSXMAG00000007480",407.421209027585,93.1046913930498,314.316517634535,-221.211826241485
"ENSXMAG00000007553",404.240125645831,182.432912588588,221.807213057243,-39.3743004686543
"ENSXMAG00000007558",392.06608620798,78.7094993272771,313.356586880703,-234.647087553426
"ENSXMAG00000007588",387.512318155782,97.7320059308369,289.780312224945,-192.048306294108
"ENSXMAG00000007597",404.240125645831,182.432912588588,221.807213057243,-39.3743004686543
"ENSXMAG00000007604",440.651643643934,178.75976206615,261.891881577784,-83.1321195116345
"ENSXMAG00000007608",397.407688758581,112.726790361158,284.680898397424,-171.954108036266
"ENSXMAG00000007652",370.054577923471,105.373684619728,264.680893303743,-159.307208684015
"ENSXMAG00000007703",383.661933877558,155.516705581746,228.145228295813,-72.6285227140671
"ENSXMAG00000007743",405.015043784557,172.740371358462,232.274672426095,-59.5343010676335
"ENSXMAG00000007798",364.279751801944,36.6038838509614,327.675867950982,-291.071984100021
"ENSXMAG00000007838",466.742649568079,172.605207351432,294.137442216647,-121.532234865215
"ENSXMAG00000007843",364.107183740339,131.159003476464,232.948180263875,-101.789176787411
"ENSXMAG00000007877",361.477714402819,135.0570500525,226.420664350319,-91.3636142978183
"ENSXMAG00000007901",419.896013315308,122.056929927875,297.839083387434,-175.782153459559
"ENSXMAG00000007906",359.540097749901,152.256768976086,207.283328773815,-55.0265597977296
"ENSXMAG00000007912",365.155890408043,158.663662673298,206.492227734744,-47.8285650614463
"ENSXMAG00000007947",409.537380200454,139.222423524496,270.314956675959,-131.092533151463
"ENSXMAG00000007977",411.096599961298,136.103966525717,274.992633435581,-138.888666909864
"ENSXMAG00000008031",432.505411088422,18.985100214908,413.520310873514,-394.535210658606
"ENSXMAG00000008066",395.550359250921,48.3966256108858,347.153733640035,-298.757108029149
"ENSXMAG00000008072",363.027122378617,251.043765550706,111.983356827911,139.060408722796
"ENSXMAG00000008078",434.405245346416,82.9306632923891,351.474582054027,-268.543918761638
"ENSXMAG00000008110",357.923117144795,89.5632334449638,268.359883699831,-178.796650254867
"ENSXMAG00000008119",358.776074249931,72.3709666496376,286.405107600294,-214.034140950656
"ENSXMAG00000008131",363.790773145578,96.9905264842788,266.800246661299,-169.809720177021
"ENSXMAG00000008152",436.510629962704,75.3811657622655,361.129464200438,-285.748298438172
"ENSXMAG00000008229",358.829179261179,72.7512875126847,286.077891748494,-213.326604235809
"ENSXMAG00000008265",404.686397135871,143.792703976909,260.893693158962,-117.100989182053
"ENSXMAG00000008447",423.92622230742,290.010982282417,133.915240025003,156.095742257414
"ENSXMAG00000008455",443.254590367117,140.13445030356,303.120140063558,-162.985689759998
"ENSXMAG00000008514",414.116877568212,37.156486012493,376.960391555719,-339.803905543226
"ENSXMAG00000008546",379.616757891194,179.378919719249,200.237838171945,-20.8589184526951
"ENSXMAG00000008644",509.859816150967,154.233067137515,355.626749013452,-201.393681875936
"ENSXMAG00000008677",361.694195044483,124.347655668825,237.346539375659,-112.998883706834
"ENSXMAG00000008693",410.206614323696,101.994454435264,308.212159888432,-206.217705453168
"ENSXMAG00000008707",369.320194351593,160.716850682991,208.603343668601,-47.8864929856099
"ENSXMAG00000008739",404.240125645831,182.432912588588,221.807213057243,-39.3743004686543
"ENSXMAG00000008780",371.281400370748,42.0097294783279,329.27167089242,-287.261941414092
"ENSXMAG00000008833",425.718998304824,296.463208496818,129.255789808006,167.207418688812
"ENSXMAG00000008861",385.322549832488,151.991688279027,233.330861553462,-81.3391732744348
"ENSXMAG00000008876",375.24842069259,168.474582758836,206.773837933754,-38.2992551749182
"ENSXMAG00000008892",429.116870184207,142.271724160522,286.845146023685,-144.573421863163
"ENSXMAG00000008953",382.9113215792,102.409380343543,280.501941235657,-178.092560892114
"ENSXMAG00000008963",379.287592863869,131.694529423333,247.593063440536,-115.898534017203
"ENSXMAG00000009001",401.156519771432,263.597434622391,137.559085149041,126.03834947335
"ENSXMAG00000009050",401.220080271581,189.67563587743,211.54444439415,-21.8688085167202
"ENSXMAG00000009091",374.416529067399,162.053506572396,212.363022495003,-50.3095159226073
"ENSXMAG00000009109",387.917707252965,176.574890918368,211.342816334597,-34.7679254162284
"ENSXMAG00000009132",354.285540398488,118.960456038838,235.32508435965,-116.364628320812
"ENSXMAG00000009177",419.041619162686,130.124397081139,288.917222081547,-158.792825000408
"ENSXMAG00000009181",355.071056828658,206.886936048452,148.184120780206,58.7028152682462
"ENSXMAG00000009195",418.127903134379,176.99242794582,241.135475188559,-64.1430472427388
"ENSXMAG00000009224",393.278789156834,145.55578533442,247.723003822414,-102.167218487993
"ENSXMAG00000009264",354.998350635891,104.646245026942,250.352105608949,-145.705860582008
"ENSXMAG00000009298",379.942815728793,141.243402045569,238.699413683223,-97.4560116376541
"ENSXMAG00000009331",418.041589970608,97.2547874081248,320.786802562483,-223.532015154359
"ENSXMAG00000009346",360.255370701251,250.67097614752,109.584394553732,141.086581593788
"ENSXMAG00000009377",407.423426170025,160.268244237585,247.15518193244,-86.8869376948546
"ENSXMAG00000009559",416.503022553304,187.349033551848,229.153989001456,-41.8049554496084
"ENSXMAG00000009564",365.268026284664,216.382399227572,148.885627057092,67.4967721704793
"ENSXMAG00000009574",398.697585757685,152.916640063124,245.780945694561,-92.8643056314376
"ENSXMAG00000009623",355.566401387282,227.383502647803,128.182898739479,99.2006039083242
"ENSXMAG00000009645",456.126208784642,158.604453128323,297.52175565632,-138.917302527997
"ENSXMAG00000009686",381.5370648076,124.861738751353,256.675326056247,-131.813587304893
"ENSXMAG00000009708",386.684732621891,109.856577119974,276.828155501917,-166.971578381943
"ENSXMAG00000009713",382.776397084473,258.31980960728,124.456587477194,133.863222130086
"ENSXMAG00000009726",358.415841590582,197.670936152411,160.744905438172,36.9260307142391
"ENSXMAG00000009740",418.651301056617,96.5900207192333,322.061280337384,-225.471259618151
"ENSXMAG00000009782",404.240125645831,182.432912588588,221.807213057243,-39.3743004686543
"ENSXMAG00000009810",392.740855908741,78.7548458502257,313.986010058515,-235.23116420829
"ENSXMAG00000009828",379.60332091679,162.68125777923,216.922063137561,-54.2408053583311
"ENSXMAG00000009952",404.240125645831,182.432912588588,221.807213057243,-39.3743004686543
"ENSXMAG00000009990",403.579045417341,138.504686324528,265.074359092812,-126.569672768284
"ENSXMAG00000010016",439.512268166369,90.5849953576084,348.92727280876,-258.342277451152
"ENSXMAG00000010033",404.240125645831,182.432912588588,221.807213057243,-39.3743004686543
"ENSXMAG00000010056",367.750398035701,281.602026481404,86.1483715542969,195.453654927107
"ENSXMAG00000010057",416.023481983763,157.462331555877,258.561150427886,-101.098818872009
"ENSXMAG00000010135",385.329513817839,169.638882658173,215.690631159666,-46.0517485014933
"ENSXMAG00000010139",382.519729803282,120.909918622838,261.609811180444,-140.699892557606
"ENSXMAG00000010144",376.538872844504,138.665788460235,237.873084384269,-99.2072959240334
"ENSXMAG00000010153",354.007387848944,109.804981848194,244.20240600075,-134.397424152556
"ENSXMAG00000010189",419.310923154183,158.991498032275,260.319425121908,-101.327927089633
"ENSXMAG00000010190",417.522570821204,141.124686729648,276.397884091556,-135.273197361908
"ENSXMAG00000010208",414.672470961966,131.067147907636,283.605323054331,-152.538175146695
"ENSXMAG00000010214",425.105721263745,101.281585255391,323.824136008353,-222.542550752962
"ENSXMAG00000010227",385.068402334782,163.29904479178,221.769357543002,-58.4703127512217
"ENSXMAG00000010283",493.340300784822,53.1083403961278,440.231960388694,-387.123619992566
"ENSXMAG00000010299",360.524067755835,235.516191760895,125.007875994939,110.508315765956
"ENSXMAG00000010315",390.174197013361,200.381551069079,189.792645944282,10.5889051247975
"ENSXMAG00000010318",373.223988409571,131.234062230708,241.989926178863,-110.755863948155
"ENSXMAG00000010379",373.840355341561,134.632657925664,239.207697415897,-104.575039490232
"ENSXMAG00000010407",370.75456940664,129.597201913125,241.157367493515,-111.560165580389
"ENSXMAG00000010430",386.279937486256,256.727145404854,129.552792081402,127.174353323452
"ENSXMAG00000010432",354.460577553603,147.09774564796,207.362831905642,-60.2650862576822
"ENSXMAG00000010435",397.994466767624,132.818356061511,265.176110706112,-132.357754644601
"ENSXMAG00000010535",399.542628693061,52.3103822439867,347.232246449074,-294.921864205087
"ENSXMAG00000010540",426.668534635389,165.989542765761,260.678991869628,-94.6894491038677
"ENSXMAG00000010603",441.042040341584,281.12079723233,159.921243109253,121.199554123077
"ENSXMAG00000010628",400.197586332571,261.851714114084,138.345872218486,123.505841895598
"ENSXMAG00000010640",413.463020092718,217.523243884386,195.939776208331,21.5834676760548
"ENSXMAG00000010651",377.461452236633,63.8433960583872,313.618056178246,-249.774660119858
"ENSXMAG00000010738",486.998312833192,165.306988772883,321.691324060309,-156.384335287426
"ENSXMAG00000010796",388.365852505482,42.7435711380973,345.622281367384,-302.878710229287
"ENSXMAG00000010810",415.053530933232,38.532170492104,376.521360441128,-337.989189949024
"ENSXMAG00000010843",404.240125645831,182.432912588588,221.807213057243,-39.3743004686543
"ENSXMAG00000010870",400.437336750897,108.738254783321,291.699081967576,-182.960827184255
"ENSXMAG00000010884",417.052791932039,119.059960186335,297.992831745705,-178.93287155937
"ENSXMAG00000010899",412.719294503733,171.846785047371,240.872509456362,-69.0257244089913
"ENSXMAG00000011008",373.21659703085,88.7384952336896,284.47810179716,-195.739606563471
"ENSXMAG00000011050",392.709068955899,272.682579533782,120.026489422116,152.656090111666
"ENSXMAG00000011072",360.392541042325,243.921644330279,116.470896712046,127.450747618233
"ENSXMAG00000011128",376.085008809608,141.891099665323,234.193909144286,-92.3028094789628
"ENSXMAG00000011242",386.29015293675,225.475150715845,160.815002220904,64.6601484949412
"ENSXMAG00000011268",384.899054699511,164.85171358731,220.047341112202,-55.1956275248922
"ENSXMAG00000011315",395.762233428651,298.75427992171,97.007953506941,201.746326414769
"ENSXMAG00000011367",363.687100143334,198.893374060215,164.793726083119,34.0996479770963
"ENSXMAG00000011401",397.075545457153,270.682646344534,126.392899112618,144.289747231916
"ENSXMAG00000011405",359.497641794194,204.638929105528,154.858712688666,49.7802164168613
"ENSXMAG00000011413",444.942965396557,237.129209210824,207.813756185733,29.315453025091
"ENSXMAG00000011530",379.563822550605,158.439322512673,221.124500037933,-62.6851775252596
"ENSXMAG00000011562",459.011472329572,173.678129025911,285.33334330366,-111.655214277749
"ENSXMAG00000011568",434.647988407677,99.3190662769697,335.328922130707,-236.009855853738
"ENSXMAG00000011572",416.069803936686,274.705802640421,141.364001296265,133.341801344156
"ENSXMAG00000011610",464.490978754426,145.229558066486,319.26142068794,-174.031862621454
"ENSXMAG00000011613",501.636689547746,142.050254926342,359.586434621404,-217.536179695062
"ENSXMAG00000011644",356.42477991734,36.2251347474301,320.19964516991,-283.97451042248
"ENSXMAG00000011668",401.848139207268,178.018261724872,223.829877482396,-45.8116157575241
"ENSXMAG00000011682",435.937374176387,231.769854236484,204.167519939903,27.6023342965813
"ENSXMAG00000011807",389.238569344557,155.902865546734,233.335703797823,-77.4328382510896
"ENSXMAG00000011847",479.985243581619,153.967250740654,326.017992840965,-172.050742100311
"ENSXMAG00000011897",413.418804936975,187.937569505465,225.48123543151,-37.5436659260449
"ENSXMAG00000011923",382.240719638764,220.708173642227,161.532545996537,59.1756276456903
"ENSXMAG00000011952",365.497748952799,83.9225514597533,281.575197493046,-197.652646033293
"ENSXMAG00000011997",360.694653484454,126.50105025166,234.193603232794,-107.692552981134
"ENSXMAG00000012002",371.655753745573,41.266850231063,330.38890351451,-289.122053283447
"ENSXMAG00000012007",404.240125645831,182.432912588588,221.807213057243,-39.3743004686543
"ENSXMAG00000012016",406.694738992728,42.977993041494,363.716745951234,-320.73875290974
"ENSXMAG00000012032",366.762415932242,197.213575021726,169.548840910516,27.6647341112103
"ENSXMAG00000012113",363.230028308816,34.8780202834431,328.352008025373,-293.47398774193
"ENSXMAG00000012137",405.102586217339,73.6341182067864,331.468468010552,-257.834349803766
"ENSXMAG00000012187",436.914301694266,223.047244102911,213.867057591355,9.18018651155569
"ENSXMAG00000012199",403.140594408042,221.342745601771,181.79784880627,39.544896795501
"ENSXMAG00000012216",371.670468426142,116.877014371357,254.793454054786,-137.916439683429
"ENSXMAG00000012238",380.870260954104,175.424929517921,205.445331436184,-30.0204019182634
"ENSXMAG00000012256",390.021273668646,280.02001550947,110.001258159176,170.018757350294
"ENSXMAG00000012373",466.896419968169,164.925604108479,301.97081585969,-137.04521175121
"ENSXMAG00000012390",455.476375665711,94.4915239530289,360.984851712682,-266.493327759653
"ENSXMAG00000012415",412.097466417008,124.188929150092,287.908537266917,-163.719608116825
"ENSXMAG00000012432",395.638645524971,111.271455983693,284.367189541278,-173.095733557586
"ENSXMAG00000012437",484.137252449805,127.303287226443,356.833965223361,-229.530677996918
"ENSXMAG00000012475",404.240125645831,182.432912588588,221.807213057243,-39.3743004686543
"ENSXMAG00000012497",357.179998816947,78.1094230551877,279.070575761759,-200.961152706572
"ENSXMAG00000012518",470.349118201723,188.489330292263,281.85978790946,-93.3704576171972
"ENSXMAG00000012567",374.829524369676,75.0701505359983,299.759373833678,-224.689223297679
"ENSXMAG00000012604",363.382889601323,130.322094137227,233.060795464096,-102.738701326869
"ENSXMAG00000012652",426.702264624847,268.072507331045,158.629757293803,109.442750037242
"ENSXMAG00000012711",432.037319924271,158.473037752255,273.564282172016,-115.091244419761
"ENSXMAG00000012736",391.682100465856,84.1105628208597,307.571537644996,-223.460974824136
"ENSXMAG00000012820",383.250603555791,121.860952676457,261.389650879334,-139.528698202878
"ENSXMAG00000012871",383.516430379276,122.272784930606,261.24364544867,-138.970860518064
"ENSXMAG00000012925",382.871017059065,155.811681242601,227.059335816465,-71.2476545738638
"ENSXMAG00000012943",357.012582402487,147.392745056976,209.619837345511,-62.2270922885357
"ENSXMAG00000012945",407.704663835507,92.0238637127665,315.680800122741,-223.656936409974
"ENSXMAG00000012947",427.003293781518,206.394756328203,220.608537453315,-14.2137811251126
"ENSXMAG00000012974",404.240125645831,182.432912588588,221.807213057243,-39.3743004686543
"ENSXMAG00000012978",414.148029093909,143.231768018714,270.916261075195,-127.684493056481
"ENSXMAG00000012987",368.811154978117,130.558258489957,238.25289648816,-107.694637998204
"ENSXMAG00000013021",367.0826239464,136.793240218867,230.289383727533,-93.4961435086663
"ENSXMAG00000013075",413.248944999395,96.7439082601092,316.505036739286,-219.761128479177
"ENSXMAG00000013094",386.263590904738,29.3434420175217,356.920148887216,-327.576706869694
"ENSXMAG00000013146",365.569948802502,135.759782144193,229.810166658309,-94.0503845141155
"ENSXMAG00000013180",361.744052059219,155.236438208345,206.507613850874,-51.2711756425283
"ENSXMAG00000013183",366.888447428507,231.259070408701,135.629377019806,95.6296933888946
"ENSXMAG00000013216",388.085132546404,36.2214804937741,351.86365205263,-315.642171558856
"ENSXMAG00000013229",387.495716128228,94.7403597508978,292.75535637733,-198.014996626432
"ENSXMAG00000013302",383.163320746766,238.368439825574,144.794880921192,93.5735589043818
"ENSXMAG00000013308",371.444473680601,250.11855906827,121.325914612331,128.792644455939
"ENSXMAG00000013311",425.438867881033,291.590070323737,133.848797557296,157.741272766441
"ENSXMAG00000013313",376.943973075666,98.8423432766597,278.101629799006,-179.259286522346
"ENSXMAG00000013315",484.521817184117,145.040145236995,339.481671947123,-194.441526710128
"ENSXMAG00000013369",384.339981337707,93.5200216320928,290.819959705614,-197.299938073521
"ENSXMAG00000013410",359.97612837294,75.9806200059009,283.995508367039,-208.014888361138
"ENSXMAG00000013416",393.922813177281,127.605646757091,266.31716642019,-138.711519663099
"ENSXMAG00000013424",378.360051190519,36.5681762317932,341.791874958726,-305.223698726933
"ENSXMAG00000013429",414.103775268973,144.171893653788,269.931881615185,-125.759987961397
"ENSXMAG00000013507",360.498032515975,21.6101634092596,338.887869106715,-317.277705697456
"ENSXMAG00000013512",423.378136123202,62.1394298101603,361.238706313042,-299.099276502881
"ENSXMAG00000013573",354.415174172751,38.2884866830918,316.12668748966,-277.838200806568
"ENSXMAG00000013590",404.830181863276,298.558694983888,106.271486879388,192.287208104499
"ENSXMAG00000013631",370.806966582011,196.389302779858,174.417663802153,21.9716389777049
"ENSXMAG00000013664",389.496902210209,298.44544646194,91.0514557482693,207.393990713671
"ENSXMAG00000013677",442.533690212029,249.503032933102,193.030657278927,56.4723756541744
"ENSXMAG00000013719",402.202291710173,150.128570268211,252.073721441961,-101.94515117375
"ENSXMAG00000013724",382.726642379916,121.864561638562,260.862080741354,-138.997519102792
"ENSXMAG00000013747",382.585007490397,95.9263218943719,286.658685596025,-190.732363701653
"ENSXMAG00000013771",385.692431814005,104.867151677661,280.825280136343,-175.958128458682
"ENSXMAG00000013800",384.260104308401,152.699110817292,231.560993491109,-78.8618826738175
"ENSXMAG00000013828",368.216762765542,73.7060203810423,294.5107423845,-220.804722003458
"ENSXMAG00000013857",433.267061916321,184.55753403634,248.70952787998,-64.1519938436402
"ENSXMAG00000013908",358.425797304339,258.242900507348,100.18289679699,158.060003710358
"ENSXMAG00000013973",365.265782521761,141.299403363443,223.966379158318,-82.6669757948746
"ENSXMAG00000013994",404.240125645831,182.432912588588,221.807213057243,-39.3743004686543
"ENSXMAG00000014021",414.551788710453,91.7762294550684,322.775559255385,-230.999329800316
"ENSXMAG00000014024",371.885529335419,70.6636858753689,301.22184346005,-230.558157584681
"ENSXMAG00000014028",357.135772455317,234.520446887412,122.615325567905,111.905121319507
"ENSXMAG00000014057",397.030799680893,44.3690509525197,352.661748728373,-308.292697775853
"ENSXMAG00000014163",355.293139865749,114.099711152977,241.193428712772,-127.093717559794
"ENSXMAG00000014249",422.764265772166,105.01663295887,317.747632813296,-212.730999854426
"ENSXMAG00000014310",356.984957914487,47.312160951177,309.67279696331,-262.360636012133
"ENSXMAG00000014344",404.240125645831,182.432912588588,221.807213057243,-39.3743004686543
"ENSXMAG00000014383",404.273820255734,135.396995284477,268.876824971257,-133.479829686781
"ENSXMAG00000014387",364.952530050532,191.682274301123,173.270255749408,18.4120185517152
"ENSXMAG00000014393",393.276205961196,76.4987819126263,316.77742404857,-240.278642135943
"ENSXMAG00000014533",405.615419952643,126.685753277546,278.929666675098,-152.243913397552
"ENSXMAG00000014543",384.368007848852,202.996158242316,181.371849606536,21.6243086357794
"ENSXMAG00000014625",375.302061195132,113.345356226687,261.956704968446,-148.611348741759
"ENSXMAG00000014825",422.325137154349,184.229220753353,238.095916400996,-53.866695647643
"ENSXMAG00000014855",395.214738722354,140.003119079981,255.211619642373,-115.208500562392
"ENSXMAG00000014941",447.214553696696,142.576326860529,304.638226836167,-162.061899975638
"ENSXMAG00000014943",410.375152061898,69.3857918082975,340.9893602536,-271.603568445303
"ENSXMAG00000014989",429.34580750736,91.6262638803525,337.719543627008,-246.093279746655
"ENSXMAG00000015013",370.872499117104,151.512763879631,219.359735237473,-67.8469713578416
"ENSXMAG00000015014",392.888252055954,89.7419514157149,303.146300640239,-213.404349224524
"ENSXMAG00000015057",369.201450864095,138.279240355454,230.922210508641,-92.6429701531877
"ENSXMAG00000015068",404.240125645831,182.432912588588,221.807213057243,-39.3743004686543
"ENSXMAG00000015089",377.81451093932,114.115258818046,263.699252121274,-149.583993303229
"ENSXMAG00000015317",421.256717633211,139.270435476244,281.986282156966,-142.715846680722
"ENSXMAG00000015321",356.790985068986,48.0546229015031,308.736362167483,-260.68173926598
"ENSXMAG00000015341",364.372948059603,143.806013508293,220.56693455131,-76.7609210430168
"ENSXMAG00000015389",394.075883775506,259.325811053499,134.750072722007,124.575738331493
"ENSXMAG00000015409",404.240125645831,182.432912588588,221.807213057243,-39.3743004686543
"ENSXMAG00000015446",426.353425837451,283.702620318552,142.650805518899,141.051814799653
"ENSXMAG00000015447",381.670892873878,150.924156547682,230.746736326196,-79.8225797785138
"ENSXMAG00000015537",366.748616092871,55.4737665280696,311.274849564801,-255.801083036732
"ENSXMAG00000015563",367.578849599632,285.992966933388,81.5858826662442,204.407084267144
"ENSXMAG00000015668",404.240125645831,182.432912588588,221.807213057243,-39.3743004686543
"ENSXMAG00000015707",398.246639159536,244.758837048725,153.487802110811,91.2710349379132
"ENSXMAG00000015719",428.784259320988,139.903961443737,288.88029787725,-148.976336433513
"ENSXMAG00000015745",370.383823878659,135.411922079094,234.971901799566,-99.5599797204721
"ENSXMAG00000015749",390.148601150244,109.451600085338,280.697001064906,-171.245400979567
"ENSXMAG00000015775",492.51777637183,40.4566197841165,452.061156587714,-411.604536803597
"ENSXMAG00000015828",395.129129171221,171.329459790387,223.799669380834,-52.4702095904465
"ENSXMAG00000015849",370.095372427381,110.080451696698,260.014920730683,-149.934469033985
"ENSXMAG00000015853",374.721417326086,168.388568199634,206.332849126452,-37.9442809268181
"ENSXMAG00000015855",403.771421776904,153.743120239866,250.028301537037,-96.2851812971709
"ENSXMAG00000015974",432.21879981201,141.64260965343,290.57619015858,-148.93358050515
"ENSXMAG00000015995",453.822180679964,250.233130959181,203.589049720782,46.6440812383988
"ENSXMAG00000016049",360.188151303626,112.722389972534,247.465761331091,-134.743371358557
"ENSXMAG00000016061",361.256395165534,111.08687469304,250.169520472494,-139.082645779455
"ENSXMAG00000016067",369.720302051849,188.935911500274,180.784390551575,8.15152094869876
"ENSXMAG00000016090",369.79082927461,159.470835503075,210.319993771535,-50.8491582684595
"ENSXMAG00000016099",429.054459165937,159.11491829184,269.939540874097,-110.824622582256
"ENSXMAG00000016112",365.80735577712,142.531677949016,223.275677828104,-80.7439998790881
"ENSXMAG00000016150",381.04819991889,279.670588722879,101.37761119601,178.292977526869
"ENSXMAG00000016208",356.614005994419,136.54002199679,220.073983997629,-83.533962000839
"ENSXMAG00000016211",405.142582227597,97.8768286891993,307.265753538398,-209.388924849198
"ENSXMAG00000016251",373.889087631325,112.536406926452,261.352680704873,-148.816273778421
"ENSXMAG00000016254",354.456373015298,94.4986514148858,259.957721600412,-165.459070185526
"ENSXMAG00000016263",396.962741829852,100.814379323232,296.14836250662,-195.333983183387
"ENSXMAG00000016300",359.184715309005,162.706304052639,196.478411256366,-33.772107203727
"ENSXMAG00000016388",466.639554802401,209.432381621896,257.207173180505,-47.7747915586094
"ENSXMAG00000016434",404.240125645831,182.432912588588,221.807213057243,-39.3743004686543
"ENSXMAG00000016438",420.504493136318,122.931974445184,297.572518691134,-174.64054424595
"ENSXMAG00000016519",376.55482524318,47.6946483858407,328.86017685734,-281.165528471499
"ENSXMAG00000016520",391.972993041958,70.8054454758684,321.167547566089,-250.362102090221
"ENSXMAG00000016569",361.359979493312,217.933363793458,143.426615699854,74.5067480936042
"ENSXMAG00000016592",377.378730626693,199.914324347993,177.4644062787,22.4499180692934
"ENSXMAG00000016610",373.836517462272,74.4371319368722,299.3993855254,-224.962253588528
"ENSXMAG00000016624",398.910957266974,36.4295285929967,362.481428673978,-326.051900080981
"ENSXMAG00000016638",383.344140088432,64.5079163104885,318.836223777944,-254.328307467455
"ENSXMAG00000016644",361.541756213842,170.473022767042,191.0687334468,-20.595710679758
"ENSXMAG00000016663",395.055992201679,119.647332319691,275.408659881987,-155.761327562296
"ENSXMAG00000016673",366.599255912386,171.934827009417,194.664428902969,-22.7296018935518
"ENSXMAG00000016712",410.326560669345,113.642753051283,296.683807618063,-183.04105456678
"ENSXMAG00000016716",413.99080240455,78.8645248951096,335.12627750944,-256.26175261433
"ENSXMAG00000016717",412.529097595715,131.626303035715,280.90279456,-149.276491524285
"ENSXMAG00000016759",371.571765032833,152.748987294276,218.822777738557,-66.0737904442811
"ENSXMAG00000016761",369.066844468176,149.80021999193,219.266624476246,-69.4664044843161
"ENSXMAG00000016778",356.313646838126,30.8811122296464,325.43253460848,-294.551422378834
"ENSXMAG00000016793",369.331274321533,75.7230172938813,293.608257027652,-217.88523973377
"ENSXMAG00000016809",370.534943563833,166.408792915775,204.126150648059,-37.7173577322842
"ENSXMAG00000016816",396.524489429807,127.93794219341,268.586547236396,-140.648605042986
"ENSXMAG00000016822",377.242064683573,178.908573933743,198.33349074983,-19.4249168160874
"ENSXMAG00000016859",400.093489648024,33.7258207767694,366.367668871255,-332.641848094485
"ENSXMAG00000016870",369.3417583352,211.002657403274,158.339100931926,52.6635564713486
"ENSXMAG00000016905",465.101205443383,243.626842197256,221.474363246126,22.1524789511298
"ENSXMAG00000017071",432.370274028967,153.373142739839,278.997131289128,-125.623988549289
"ENSXMAG00000017078",449.317020210962,63.0960578955287,386.220962315434,-323.124904419905
"ENSXMAG00000017100",392.169649109353,134.484911888637,257.684737220716,-123.199825332078
"ENSXMAG00000017108",369.505297187183,198.090409612319,171.414887574864,26.6755220374545
"ENSXMAG00000017164",400.213782151707,290.890220222347,109.32356192936,181.566658292987
"ENSXMAG00000017238",441.208284475693,126.723036535649,314.485247940044,-187.762211404395
"ENSXMAG00000017239",448.180799051037,131.247463239232,316.933335811805,-185.685872572573
"ENSXMAG00000017283",368.545077370969,214.703455722663,153.841621648307,60.8618340743562
"ENSXMAG00000017291",427.517709567598,112.219933995469,315.297775572129,-203.07784157666
"ENSXMAG00000017324",437.818866856954,86.6958663035201,351.123000553434,-264.427134249914
"ENSXMAG00000017334",387.682931418459,101.662654118499,286.020277299961,-184.357623181462
"ENSXMAG00000017384",388.735939229682,48.9422432962092,339.793695933473,-290.851452637264
"ENSXMAG00000017388",458.595643430187,71.6816347430708,386.914008687116,-315.232373944045
"ENSXMAG00000017420",364.636699404191,162.90291114329,201.733788260901,-38.8308771176117
"ENSXMAG00000017467",379.359582766073,89.2596760842192,290.099906681854,-200.840230597635
"ENSXMAG00000017476",403.648503687135,122.774316418113,280.874187269022,-158.099870850908
"ENSXMAG00000017522",394.937140289349,148.79080737017,246.146332919179,-97.3555255490089
"ENSXMAG00000017527",391.636366420129,181.528408522676,210.107957897454,-28.5795493747779
"ENSXMAG00000017619",414.691037348452,44.0300454135012,370.660991934951,-326.63094652145
"ENSXMAG00000017641",369.160256794856,121.97888803253,247.181368762326,-125.202480729796
"ENSXMAG00000017653",451.568788240349,124.248958029211,327.319830211138,-203.070872181927
"ENSXMAG00000017687",364.071213004276,284.70856197282,79.3626510314567,205.345910941363
"ENSXMAG00000017741",395.190572024327,223.393056810906,171.797515213421,51.5955415974848
"ENSXMAG00000017749",374.391886957587,97.9870697067085,276.404817250879,-178.41774754417
"ENSXMAG00000017763",390.694988983621,85.1989446237706,305.496044359851,-220.29709973608
"ENSXMAG00000017791",411.791272433775,40.2109087969321,371.580363636843,-331.369454839911
"ENSXMAG00000017821",407.395752043105,57.6688885963882,349.726863446717,-292.057974850329
"ENSXMAG00000017824",497.878498553939,114.25361681681,383.624881737129,-269.371264920319
"ENSXMAG00000017839",376.221705325486,150.975298610109,225.246406715377,-74.2711081052673
"ENSXMAG00000017875",406.065408598953,83.0458553075653,323.019553291388,-239.973697983823
"ENSXMAG00000017876",354.59004236319,134.403103305391,220.186939057799,-85.7838357524084
"ENSXMAG00000017907",363.394468623552,197.433169071939,165.961299551613,31.471869520326
"ENSXMAG00000017947",416.493737473706,137.243782953043,279.249954520662,-142.006171567619
"ENSXMAG00000017965",416.591187888161,131.189899848106,285.401288040055,-154.211388191949
"ENSXMAG00000017972",383.76042277106,217.276591956065,166.483830814996,50.7927611410686
"ENSXMAG00000018014",442.530635670718,200.976363668522,241.554272002196,-40.5779083336743
"ENSXMAG00000018022",403.536000032645,253.680048041224,149.855951991421,103.824096049803
"ENSXMAG00000018099",366.823729170667,89.9356173555899,276.888111815078,-186.952494459488
"ENSXMAG00000018119",397.579270876273,89.4461234057515,308.133147470522,-218.68702406477
"ENSXMAG00000018124",360.636718326476,248.790343615578,111.846374710898,136.943968904679
"ENSXMAG00000018127",422.611160303372,158.957441668537,263.653718634835,-104.696276966298
"ENSXMAG00000018128",384.027772906239,91.3933652578322,292.634407648406,-201.241042390574
"ENSXMAG00000018141",470.492477226449,195.995374533981,274.497102692467,-78.501728158486
"ENSXMAG00000018155",438.898065325478,155.077774953719,283.820290371758,-128.742515418039
"ENSXMAG00000018161",370.721181268614,181.587548940163,189.133632328451,-7.54608338828751
"ENSXMAG00000018181",481.401692869017,245.258902185531,236.142790683485,9.11611150204641
"ENSXMAG00000018187",381.226282584351,151.876004313588,229.350278270763,-77.4742739571745
"ENSXMAG00000018209",366.756594040316,101.415511246652,265.341082793664,-163.925571547012
"ENSXMAG00000018217",403.198132012076,136.109746210872,267.088385801204,-130.978639590332
"ENSXMAG00000018257",376.955257788388,173.517315084263,203.437942704125,-29.9206276198619
"ENSXMAG00000018279",446.342316109185,284.304671232712,162.037644876473,122.267026356239
"ENSXMAG00000018307",460.084471350993,42.4653352424608,417.619136108532,-375.153800866071
"ENSXMAG00000018340",360.801928274855,154.874478760204,205.927449514651,-51.052970754447
"ENSXMAG00000018358",424.201711410694,100.255077757007,323.946633653687,-223.69155589668
"ENSXMAG00000018451",367.412231906168,267.33889859726,100.073333308908,167.265565288351
"ENSXMAG00000018490",375.546453896159,139.784040577324,235.762413318836,-95.9783727415122
"ENSXMAG00000018512",363.884523317462,143.409677024056,220.474846293405,-77.0651692693492
"ENSXMAG00000018525",456.324992505865,301.743375825201,154.581616680664,147.161759144536
"ENSXMAG00000018608",366.875778255591,151.295729911141,215.58004834445,-64.2843184333093
"ENSXMAG00000018648",384.165508381514,127.033550998072,257.131957383442,-130.09840638537
"ENSXMAG00000018683",404.185684255406,77.9858453340789,326.199838921327,-248.213993587248
"ENSXMAG00000018699",398.09148843086,37.2259887606144,360.865499670246,-323.639510909631
"ENSXMAG00000018735",394.988458768431,291.941400934253,103.047057834178,188.894343100075
"ENSXMAG00000018744",374.677613805099,131.913918556329,242.76369524877,-110.84977669244
"ENSXMAG00000018762",354.15223126026,125.438368095296,228.713863164964,-103.275495069668
"ENSXMAG00000018774",360.740147803711,132.246982374078,228.493165429633,-96.2461830555544
"ENSXMAG00000018777",392.037324441608,88.9146672993532,303.122657142255,-214.207989842902
"ENSXMAG00000018785",422.576312417876,42.4807385773946,380.095573840481,-337.614835263087
"ENSXMAG00000018827",356.926995155907,188.325799665325,168.601195490581,19.7246041747441
"ENSXMAG00000018886",370.450788086814,141.412513109955,229.038274976859,-87.625761866904
"ENSXMAG00000018906",367.479224817924,208.391678449863,159.087546368061,49.3041320818025
"ENSXMAG00000018926",370.774489382473,69.6951004454903,301.079388936983,-231.384288491493
"ENSXMAG00000018930",375.936330799811,249.559111452996,126.377219346815,123.18189210618
"ENSXMAG00000018936",396.34413527515,294.473893595515,101.870241679635,192.60365191588
"ENSXMAG00000018941",404.240125645831,182.432912588588,221.807213057243,-39.3743004686543
"ENSXMAG00000018942",369.891952171982,136.169307841797,233.722644330185,-97.5533364883887
"ENSXMAG00000018943",390.842222351959,137.372383138249,253.469839213711,-116.097456075462
"ENSXMAG00000018984",404.240125645831,182.432912588588,221.807213057243,-39.3743004686543
"ENSXMAG00000018995",450.731724316207,119.003165689612,331.728558626595,-212.725392936983
"ENSXMAG00000019058",375.600557522826,79.7151505411223,295.885406981704,-216.170256440582
"ENSXMAG00000019140",416.144928819061,134.53209035198,281.612838467081,-147.080748115101
"ENSXMAG00000019152",430.199870186108,141.112661269631,289.087208916478,-147.974547646847
"ENSXMAG00000019165",354.577459910865,39.9993992534264,314.578060657438,-274.578661404012
"ENSXMAG00000019166",393.862156928594,225.422380639726,168.439776288867,56.9826043508592
"ENSXMAG00000019178",370.667851102281,107.34182932807,263.326021774211,-155.984192446142
"ENSXMAG00000019192",384.696088755599,149.12453341227,235.571555343329,-86.4470219310599
"ENSXMAG00000019211",358.453189817654,152.45692157623,205.996268241425,-53.5393466651952
"ENSXMAG00000019229",435.787659826881,166.235868414354,269.551791412527,-103.315922998173
"ENSXMAG00000019239",360.813117775259,78.2024382740826,282.610679501176,-204.408241227093
"ENSXMAG00000019267",364.575668097722,161.201484561038,203.374183536683,-42.172698975645
"ENSXMAG00000019283",400.692909988667,138.838600443474,261.854309545193,-123.015709101718
"ENSXMAG00000019306",380.623604748194,54.5047683319578,326.118836416236,-271.614068084279
"ENSXMAG00000019350",434.153454150312,135.229010233435,298.924443916877,-163.695433683441
"ENSXMAG00000019389",371.368237286447,169.884286200369,201.483951086078,-31.5996648857084
"ENSXMAG00000019404",356.931765509709,158.425803154666,198.505962355043,-40.0801592003772
"ENSXMAG00000019418",374.976253245009,133.754147730809,241.2221055142,-107.467957783392
"ENSXMAG00000019506",404.240125645831,182.432912588588,221.807213057243,-39.3743004686543
"ENSXMAG00000019520",379.358302145342,201.223073548342,178.135228596999,23.0878449513428
"ENSXMAG00000019565",394.181542556654,156.48563263108,237.695909925573,-81.2102772944932
"ENSXMAG00000019585",392.550998844327,138.38377968884,254.167219155487,-115.783439466647
"ENSXMAG00000019610",404.240125645831,182.432912588588,221.807213057243,-39.3743004686543
"ENSXMAG00000019647",404.240125645831,182.432912588588,221.807213057243,-39.3743004686543
"ENSXMAG00000019685",417.457513780239,38.1940553748449,379.263458405394,-341.069403030549
"ENSXMAG00000019693",356.898780668508,131.737969056213,225.160811612295,-93.4228425560822
"ENSXMAG00000019734",374.140329999289,86.9793632746543,287.160966724635,-200.181603449981
"ENSXMAG00000019766",395.148646579514,117.820245019346,277.328401560168,-159.508156540821
"ENSXMAG00000019812",358.337132085789,62.3312688784012,296.005863207388,-233.674594328987
"ENSXMAG00000019819",385.413949862742,50.9201354944219,334.49381436832,-283.573678873898
"ENSXMAG00000019825",354.789058450563,98.0333124351734,256.75574601539,-158.722433580216
"ENSXMAG00000019856",404.240125645831,182.432912588588,221.807213057243,-39.3743004686543
"ENSXMAG00000019912",402.645642844459,254.429015494463,148.216627349995,106.212388144468
"ENSXMAG00000019968",404.240125645831,182.432912588588,221.807213057243,-39.3743004686543
"ENSXMAG00000020089",458.747869297658,162.422837066159,296.325032231499,-133.90219516534
"ENSXMAG00000020124",404.240125645831,182.432912588588,221.807213057243,-39.3743004686543
"ENSXMAG00000020252",404.240125645831,182.432912588588,221.807213057243,-39.3743004686543
"ENSXMAG00000020294",368.457570886169,130.600657576286,237.856913309883,-107.256255733597
"ENSXMAG00000020328",404.240125645831,182.432912588588,221.807213057243,-39.3743004686543
"ENSXMAG00000020367",372.742538459256,238.189924681596,134.55261377766,103.637310903937
"ENSXMAG00000020397",404.240125645831,182.432912588588,221.807213057243,-39.3743004686543
"ENSXMAG00000020437",404.240125645831,182.432912588588,221.807213057243,-39.3743004686543
"ENSXMAG00000020518",404.240125645831,182.432912588588,221.807213057243,-39.3743004686543
"ENSXMAG00000020654",404.240125645831,182.432912588588,221.807213057243,-39.3743004686543
"ENSXMAG00000020705",404.240125645831,182.432912588588,221.807213057243,-39.3743004686543
"ENSXMAG00000020729",404.240125645831,182.432912588588,221.807213057243,-39.3743004686543
"ENSXMAG00000020737",404.240125645831,182.432912588588,221.807213057243,-39.3743004686543
"ENSXMAG00000020797.2",365.11572451954,113.616449617824,251.499274901716,-137.882825283892
